[
  {
    "title": "Modern Apartment in City Center",
    "description": "Beautiful 2-bedroom apartment with modern finishes, located in the heart of the city. Features a spacious living room, fully equipped kitchen, and a balcony with city views.",
    "price": 120000,
    "type": "sale",
    "property_type": "apartment",
    "area": 75,
    "building_condition": "good",
    "facilities": "Elevator, Security, Parking, Air conditioning",
    "risks": "None",
    "latitude": 44.4268,
    "longitude": 26.1025,
    "contact_info": "John Doe, +40 721 123 456, john.doe@example.com"
  },
  {
    "title": "Cozy Studio for Rent",
    "description": "Cozy studio apartment perfect for students or young professionals. Fully furnished with all utilities included.",
    "price": 350,
    "type": "rent",
    "property_type": "apartment",
    "area": 35,
    "building_condition": "good",
    "facilities": "Internet, Cable TV, Washing machine",
    "risks": "None",
    "latitude": 44.4368,
    "longitude": 26.1125,
    "contact_info": "Jane Smith, +40 722 345 678, jane.smith@example.com"
  },
  {
    "title": "Family House with Garden",
    "description": "Spacious 4-bedroom house with a beautiful garden, perfect for a family. Features a large kitchen, two bathrooms, and a garage.",
    "price": 250000,
    "type": "sale",
    "property_type": "house",
    "area": 180,
    "building_condition": "good",
    "facilities": "Garden, Garage, Fireplace, Central heating",
    "risks": "None",
    "latitude": 44.4168,
    "longitude": 26.0925,
    "contact_info": "Robert Johnson, +40 723 456 789, robert.johnson@example.com"
  },
  {
    "title": "Commercial Space in Business District",
    "description": "Prime commercial space ideal for office or retail. High foot traffic area in the business district.",
    "price": 500000,
    "type": "sale",
    "property_type": "commercial",
    "area": 120,
    "building_condition": "new",
    "facilities": "Security system, Air conditioning, Elevator, Parking",
    "risks": "None",
    "latitude": 44.4368,
    "longitude": 26.0925,
    "contact_info": "Business Properties Ltd., +40 724 567 890, contact@businessproperties.com"
  },
  {
    "title": "Luxury Penthouse with Terrace",
    "description": "Exclusive penthouse with panoramic city views. Features 3 bedrooms, 2 bathrooms, and a large terrace.",
    "price": 450000,
    "type": "sale",
    "property_type": "apartment",
    "area": 150,
    "building_condition": "new",
    "facilities": "Terrace, Jacuzzi, Smart home system, Private elevator",
    "risks": "None",
    "latitude": 44.4268,
    "longitude": 26.0925,
    "contact_info": "Luxury Homes, +40 725 678 901, info@luxuryhomes.com"
  },
  {
    "title": "Land for Development",
    "description": "Large plot of land suitable for residential or commercial development. All utilities available.",
    "price": 300000,
    "type": "sale",
    "property_type": "land",
    "area": 1000,
    "building_condition": "",
    "facilities": "All utilities",
    "risks": "Flood zone",
    "latitude": 44.4168,
    "longitude": 26.1125,
    "contact_info": "Land Investments, +40 726 789 012, info@landinvestments.com"
  },
  {
    "title": "Renovated Historic Apartment",
    "description": "Beautifully renovated apartment in a historic building. Features original architectural details with modern amenities.",
    "price": 200000,
    "type": "sale",
    "property_type": "apartment",
    "area": 90,
    "building_condition": "needs_renovation",
    "facilities": "High ceilings, Original hardwood floors, Central heating",
    "risks": "Old building structure",
    "latitude": 44.4368,
    "longitude": 26.1225,
    "contact_info": "Historic Properties, +40 727 890 123, info@historicproperties.com"
  },
  {
    "title": "Student Accommodation",
    "description": "Affordable room in a shared student house. Close to universities and public transportation.",
    "price": 200,
    "type": "rent",
    "property_type": "apartment",
    "area": 20,
    "building_condition": "good",
    "facilities": "Shared kitchen, Shared bathroom, Internet",
    "risks": "None",
    "latitude": 44.4168,
    "longitude": 26.1225,
    "contact_info": "Student Housing, +40 728 901 234, info@studenthousing.com"
  },
  {
    "title": "Mountain Cabin",
    "description": "Cozy cabin in the mountains, perfect for weekend getaways. Features a fireplace and beautiful views.",
    "price": 80000,
    "type": "sale",
    "property_type": "house",
    "area": 60,
    "building_condition": "good",
    "facilities": "Fireplace, Well water, Solar power",
    "risks": "Remote location, Limited access in winter",
    "latitude": 45.4268,
    "longitude": 25.5025,
    "contact_info": "Mountain Retreats, +40 729 012 345, info@mountainretreats.com"
  },
  {
    "title": "Modern Office Space",
    "description": "Modern office space in a new building. Open floor plan with meeting rooms and kitchen area.",
    "price": 2000,
    "type": "rent",
    "property_type": "commercial",
    "area": 200,
    "building_condition": "new",
    "facilities": "Meeting rooms, Kitchen, High-speed internet, Parking",
    "risks": "None",
    "latitude": 44.4268,
    "longitude": 26.1225,
    "contact_info": "Office Solutions, +40 730 123 456, info@officesolutions.com"
  }
] 